{"cameraMode":{"drawMode":0,"name":"Shaded","section":"Shading Mode"},"sceneLighting":true,"audioPlay":false,"sceneViewState":{"showFog":true,"showMaterialUpdate":false,"showSkybox":true,"showFlares":true,"showImageEffects":true,"showParticleSystems":true},"in2DMode":false,"pivot":{"x":-9.46665096282959,"y":10.123570442199707,"z":11.512041091918946},"rotation":{"x":0.09521640837192536,"y":-0.6892490983009338,"z":0.09216702729463577,"w":0.7124249935150147},"size":34.378761291503909,"orthographic":false}